{
  "nfl": {
    "Arizona": "Cardinals",
    "Atlanta": "Falcons",
    "Baltimore": "Ravens",
    "Buffalo": "Bills",
    "Carolina": "Panthers",
    "Chicago": "Bears",
    "Cincinnati": "Bengals",
    "Cleveland": "Browns",
    "Dallas": "Cowboys",
    "Denver": "Broncos",
    "Detroit": "Lions",
    "GreenBay": "Packers",
    "Houston": "Texans",
    "Indianapolis": "Colts",
    "Jacksonville": "Jaguars",
    "KansasCity": "Chiefs",
    "LasVegas": "Raiders",
    "LAChargers": "Chargers",
    "LARams": "Rams",
    "Miami": "Dolphins",
    "Minnesota": "Vikings",
    "NewEngland": "Patriots",
    "NewOrleans": "Saints",
    "NYGiants": "Giants",
    "NYJets": "Jets",
    "Philadelphia": "Eagles",
    "Pittsburgh": "Steelers",
    "SanFrancisco": "Fortyniners",
    "Seattle": "Seahawks",
    "TampaBay": "Buccaneers",
    "Tennessee": "Titans",
    "Washington": "Commanders"
  },
  "nba": {
    "Atlanta": "Hawks",
    "Boston": "Celtics",
    "Brooklyn": "Nets",
    "Charlotte": "Hornets",
    "Chicago": "Bulls",
    "Cleveland": "Cavaliers",
    "Dallas": "Mavericks",
    "Denver": "Nuggets",
    "Detroit": "Pistons",
    "GoldenState": "Warriors",
    "Houston": "Rockets",
    "Indiana": "Pacers",
    "LAClippers": "Clippers",
    "LALakers": "Lakers",
    "Memphis": "Grizzlies",
    "Miami": "Heat",
    "Milwaukee": "Bucks",
    "Minnesota": "Timberwolves",
    "NewOrleans": "Pelicans",
    "NewYork": "Knicks",
    "OklahomaCity": "Thunder",
    "Orlando": "Magic",
    "Philadelphia": "Seventysixers",
    "Phoenix": "Suns",
    "Portland": "Trailblazers",
    "Sacramento": "Kings",
    "SanAntonio": "Spurs",
    "Toronto": "Raptors",
    "Utah": "Jazz",
    "Washington": "Wizards"
  },
  "ncaa": {
    "Alabama": "Crimson Tide",
    "Arizona": "Wildcats",
    "Arkansas": "Razorbacks",
    "Auburn": "Tigers",
    "Baylor": "Bears",
    "Butler": "Bulldogs",
    "Cincinnati": "Bearcats",
    "Clemson": "Tigers",
    "Connecticut": "Huskies",
    "Creighton": "Bluejays",
    "Duke": "Blue Devils",
    "Florida": "Gators",
    "FloridaState": "Seminoles",
    "Georgetown": "Hoyas",
    "Gonzaga": "Bulldogs",
    "Houston": "Cougars",
    "Illinois": "Fighting Illini",
    "Indiana": "Hoosiers",
    "Iowa": "Hawkeyes",
    "IowaState": "Cyclones",
    "Kansas": "Jayhawks",
    "Kentucky": "Wildcats",
    "Louisville": "Cardinals",
    "LSU": "Tigers",
    "Marquette": "Golden Eagles",
    "Maryland": "Terrapins",
    "Memphis": "Tigers",
    "Miami": "Hurricanes",
    "Michigan": "Wolverines",
    "MichiganState": "Spartans",
    "MississippiState": "Bulldogs",
    "Missouri": "Tigers",
    "NCState": "Wolfpack",
    "NorthCarolina": "Tar Heels",
    "NotreDame": "Fighting Irish",
    "OhioState": "Buckeyes",
    "Oklahoma": "Sooners",
    "OklahomaState": "Cowboys",
    "Oregon": "Ducks",
    "Purdue": "Boilermakers",
    "SanDiegoState": "Aztecs",
    "SetonHall": "Pirates",
    "SouthCarolina": "Gamecocks",
    "Syracuse": "Orange",
    "TCU": "Horned Frogs",
    "Tennessee": "Volunteers",
    "Texas": "Longhorns",
    "TexasA&M": "Aggies",
    "TexasTech": "Red Raiders",
    "UCLA": "Bruins",
    "USC": "Trojans",
    "Utah": "Utes",
    "Villanova": "Wildcats",
    "Virginia": "Cavaliers",
    "VirginiaTech": "Hokies",
    "WakeForest": "Demon Deacons",
    "WestVirginia": "Mountaineers",
    "Wisconsin": "Badgers",
    "Xavier": "Musketeers"
  },
  "mlb": {
    "ARI": "Diamondbacks",
    "ATL": "Braves",
    "BAL": "Orioles",
    "BOS": "Red Sox",
    "CHC": "Cubs",
    "CWS": "White Sox",
    "CIN": "Reds",
    "CLE": "Indians",
    "COL": "Rockies",
    "DET": "Tigers",
    "HOU": "Astros",
    "KC": "Royals",
    "LAA": "Angels",
    "LAD": "Dodgers",
    "MIA": "Marlins",
    "MIL": "Brewers",
    "MIN": "Twins",
    "NYM": "Mets",
    "NYY": "Yankees",
    "OAK": "Athletics",
    "PHI": "Phillies",
    "PIT": "Pirates",
    "SD": "Padres",
    "SEA": "Mariners",
    "SF": "Giants",
    "STL": "Cardinals",
    "TB": "Rays",
    "TEX": "Rangers",
    "TOR": "Blue Jays",
    "WAS": "Nationals"
  },
  "nhl": {
    "Anaheim": "Ducks",
    "Arizona": "Coyotes",
    "Boston": "Bruins",
    "Buffalo": "Sabres",
    "Calgary": "Flames",
    "Carolina": "Hurricanes",
    "Chicago": "Blackhawks",
    "Colorado": "Avalanche",
    "Columbus": "Blue Jackets",
    "Dallas": "Stars",
    "Detroit": "Red Wings",
    "Edmonton": "Oilers",
    "Florida": "Panthers",
    "LosAngeles": "Kings",
    "Minnesota": "Wild",
    "Montreal": "Canadiens",
    "Nashville": "Predators",
    "NewJersey": "Devils",
    "NYIslanders": "Islanders",
    "NYRangers": "Rangers",
    "Ottawa": "Senators",
    "Philadelphia": "Flyers",
    "Pittsburgh": "Penguins",
    "SanJose": "Sharks",
    "Seattle": "Kraken",
    "StLouis": "Blues",
    "TampaBay": "Lightning",
    "Toronto": "Maple Leafs",
    "Vancouver": "Canucks",
    "Vegas": "Golden Knights",
    "Washington": "Capitals",
    "Winnipeg": "Jets"
  }
}