{
    "nfl": {
        "TampaBay": "Tampa Bay",
        "NYJets": "N.Y. Jets",
        "LAChargers": "L.A. Chargers",
        "SanFrancisco": "San Francisco",
        "KansasCity": "Kansas City",
        "NewEngland": "New England",
        "NYGiants": "N.Y. Giants",
        "LARams": "L.A. Rams",
        "NewOrleans": "New Orleans",
        "LasVegas": "Las Vegas",
        "GreenBay": "Green Bay"
    },
    "nba": {
        "GoldenState": "Golden State",
        "NewYork": "New York",
        "NewOrleans":"New Orleans",
        "SanAntonio": "San Antonio",
        "OklahomaCity": "Oklahoma City",
        "LAClippers": "L.A. Clippers",
        "LALakers": "L.A. Lakers"
    },
    "nhl": {
        "SanJose": "San Jose",
        "TampaBay":"Tampa Bay",
        "NYRangers": "N.Y. Rangers",
        "LosAngeles": "Los Angeles",
        "SeattleKraken": "Seattle",
        "NewJersey": "New Jersey",
        "NYIslanders": "N.Y. Islanders"
    },
    "mlb": {
        "PIT": "Pittsburgh",
        "CUB": "Chicago Cubs",
        "ATL": "Atlanta",
        "PHI": "Philadelphia",
        "ARI": "Arizona",
        "SDG": "San Diego",
        "LAD": "L.A. Dodgers",
        "COL": "Colorado",
        "STL": "St. Louis",
        "MIL": "Milwaukee",
        "TOR": "Toronto",
        "NYY": "N.Y. Yankees",
        "CLE": "Cleveland",
        "DET": "Detroit",
        "TEX": "Texas",
        "KAN": "Kansas City",
        "CWS": "Chicago White Sox",
        "LAA": "L.A. Angels",
        "HOU": "Houston",
        "OAK": "Oakland",
        "MIN": "Minnesota",
        "TAM": "Tampa Bay",
        "MIA": "Miami",
        "SFO": "San Francisco",
        "SEA": "Seattle",
        "BAL": "Baltimore",
        "BOS": "Boston",
        "NYM": "N.Y. Mets",
        "WAS": "Washington",
        "CIN": "Cincinnati",
        "LOS": "Los Angeles"
    }
}